"id","displayName","bucketName","mediaKey","gt_category"
"54","1659231583293.jpeg","QQ_Images","content://media/external/images/media/54","DRAWING"
"1984","-5be0c8e60436714d.jpg","QQ","content://media/external/images/media/1984","SELFIE"
"1000000145","mmexport1675994602384.png","WeiXin","content://media/external/images/media/1000000145","DRAWING"
"1000003813","1696730060702.jpg","bili","content://media/external/images/media/1000003813","DRAWING"
"1000003814","1696730064913.jpg","bili","content://media/external/images/media/1000003814","DRAWING"
"1000009118","mmexport1764300303226.jpg","QQ","content://media/external/images/media/1000009118","CARD"
"1000009119","Image_1758265355616.jpg","QQ","content://media/external/images/media/1000009119","SELFIE"
"1000009120","IMG_20231007_194504(1).jpg","QQ","content://media/external/images/media/1000009120","SELFIE"
"1000009121","mmexport1660547970259.jpg","QQ","content://media/external/images/media/1000009121","CARD"
"1000009122","IMG_20220825_115857(1).jpg","QQ","content://media/external/images/media/1000009122","SELFIE"
"1000009123","IMG_20220825_115843(1).jpg","QQ","content://media/external/images/media/1000009123","SELFIE"
"1000009124","mmexport1660547967755.jpg","QQ","content://media/external/images/media/1000009124","CARD"
"1000009125","-566ea5fd8635a439.jpg","QQ","content://media/external/images/media/1000009125","GROUP"
"1000009126","Image_1764758184307.jpg","QQ","content://media/external/images/media/1000009126","FOOD"
"1000009127","Image_1764758182690.jpg","QQ","content://media/external/images/media/1000009127","SELFIE"
"1000009128","Cache_14568e8f49fe39dc.jpg","QQ","content://media/external/images/media/1000009128","SELFIE"
"1000009129","IMG_20230730_173215.jpg","QQ","content://media/external/images/media/1000009129","SELFIE"
"1000009130","IMG_20230730_173309.jpg","QQ","content://media/external/images/media/1000009130","SELFIE"
"1000009131","Cache_-6f42065db46325ef.jpg","QQ","content://media/external/images/media/1000009131","GROUP"
"1000009132","Cache_7104dd0ff09f2ff.jpg","QQ","content://media/external/images/media/1000009132","GROUP"
"1000009133","20260126_145947.jpg","QQ","content://media/external/images/media/1000009133","TEXT"
"1000009134","-13516933491769352411986.webp","QQ","content://media/external/images/media/1000009134","TEXT"
"1000009135","20251230_081426.jpg","QQ","content://media/external/images/media/1000009135","TEXT"
"1000009136","1461AE3B881EA7CD142A76FF66D5E0DD.jpg","QQ","content://media/external/images/media/1000009136","TEXT"
"1000009137","1765275889450.png","QQ","content://media/external/images/media/1000009137","TEXT"
"1000009138","20251119_142612.jpg","QQ","content://media/external/images/media/1000009138","TEXT"
"1000009139","-15535514081765204291689.jpg","QQ","content://media/external/images/media/1000009139","TEXT"
"1000009140","Image_1762959945213.png","QQ","content://media/external/images/media/1000009140","TEXT"
"1000009141","6d6f10d67b8d404744b4f7c0f8cacd0b7c9162fb1824453c.webp","QQ","content://media/external/images/media/1000009141","TEXT"
"1000009142","8f95d755ddf29e8fd367c34995675c55d67b856b38afbcab.webp","QQ","content://media/external/images/media/1000009142","TEXT"
"1000009143","696a425102f6535a215244f9e9ab91ba6e3dee863dd4fe3d.webp","QQ","content://media/external/images/media/1000009143","TEXT"
"1000009144","61f3ad1624a5fceaf4d379b52d272482847d355b2fe93b653.jpg","QQ","content://media/external/images/media/1000009144","TEXT"
"1000009145","-15773279451745069935696.jpg","QQ","content://media/external/images/media/1000009145","TEXT"
"1000009146","Screenshot_20250711_102931.jpg","QQ","content://media/external/images/media/1000009146","TEXT"
"1000009147","96421f877e22de0b68414c8a9da5f7c23244e4f0204e327f3.jpg","QQ","content://media/external/images/media/1000009147","TEXT"
"1000009148","IMG_20250205_103752.jpg","QQ","content://media/external/images/media/1000009148","TEXT"
"1000009149","6483a86dcdc690d765c48661691b258b7c0d58920fef4f65a.jpg","QQ","content://media/external/images/media/1000009149","TEXT"
"1000009150","6B227898E0FC171A4631F885C7807A15.jpg","QQ","content://media/external/images/media/1000009150","TEXT"
"1000009151","9E2103E602A83D907AE03664D3226FFD.jpg","QQ","content://media/external/images/media/1000009151","TEXT"
"1000009152","e51c9a415644488126e01f54e5959ecf77f5dc897394eae43.jpg","QQ","content://media/external/images/media/1000009152","TEXT"
"1000009153","5C418E7AB4A174D720438D64CD11503A.jpg","QQ","content://media/external/images/media/1000009153","TEXT"
"1000009154","42DE9C36142486624774D626722E70EA.jpg","QQ","content://media/external/images/media/1000009154","TEXT"
"1000009155","Image_1716789493030.jpg","QQ","content://media/external/images/media/1000009155","TEXT"
"1000009156","1A588A443303DA7FC794EB6CD68E7745.jpg","QQ","content://media/external/images/media/1000009156","UNKNOWN"
"1000009157","3DACFBF4F29C5E4A1A0B3CB9DB8AFE9A.jpg","QQ","content://media/external/images/media/1000009157","TEXT"
"1000009158","78C205F8C239A54F5915343AEA479F85.jpg","QQ","content://media/external/images/media/1000009158","TEXT"
"1000009159","Image_1714022494856.jpg","QQ","content://media/external/images/media/1000009159","TEXT"
"1000009160","{18379D31-D405-4eb1-BEDB-FE22E48A374B}.png","QQ","content://media/external/images/media/1000009160","TEXT"
"1000009161","{7D365331-B015-4b19-BEB2-F6CEDC667EDF}.png","QQ","content://media/external/images/media/1000009161","TEXT"
"1000009162","1FB81DA8315464B74D84FCF75C8CEF5D.jpg","QQ","content://media/external/images/media/1000009162","DRAWING"
"1000009163","F1F475C677D3D676A2A18375FAC310D7.jpg","QQ","content://media/external/images/media/1000009163","TEXT"
"1000009164","1764521836339.jpeg","QQ","content://media/external/images/media/1000009164","GROUP"
"1000009165","1764394908933.jpeg","QQ","content://media/external/images/media/1000009165","GROUP"
"1000009166","1748003625259.jpeg","QQ","content://media/external/images/media/1000009166","GROUP"
"1000009167","IMG_20230701_144524(1).jpg","QQ","content://media/external/images/media/1000009167","GROUP"
"1000009168","7b3a3830165443be.png","QQ","content://media/external/images/media/1000009168","GROUP"
"1000009169","IMG_20251110_183751(1).jpg","QQ","content://media/external/images/media/1000009169","SELFIE"
"1000009170","6e343710c22bfbf1(1).jpg","QQ","content://media/external/images/media/1000009170","SELFIE"
"1000009171","Screenshot_20251111_194806.jpg","QQ","content://media/external/images/media/1000009171","QRCODE"
"1000009172","5048d77d1263f8c64f5c62df393955de43ae992d8992d639.webp","QQ","content://media/external/images/media/1000009172","ARCHITECTURE"
"1000009173","e49d81dbaa630af2e3757405c913b76c18df7800fc1c187f.webp","QQ","content://media/external/images/media/1000009173","UNKNOWN"
"1000009174","IMG_20260120_081842.jpg","QQ","content://media/external/images/media/1000009174","NATURE"
"1000009175","IMG_20250816_180125(1).jpg","QQ","content://media/external/images/media/1000009175","NATURE"
"1000009176","IMG_20231011_171049(1).jpg","QQ","content://media/external/images/media/1000009176","NATURE"
"1000009177","IMG_20231011_171033(1).jpg","QQ","content://media/external/images/media/1000009177","NATURE"
"1000009178","IMG_20231011_192102(1).jpg","QQ","content://media/external/images/media/1000009178","NATURE"
"1000009179","Image_1695890606448.jpg","QQ","content://media/external/images/media/1000009179","ARCHITECTURE"
"1000009180","IMG_20231011_170959(1).jpg","QQ","content://media/external/images/media/1000009180","NATURE"
"1000009181","IMG_20231007_143933.jpg","QQ","content://media/external/images/media/1000009181","VEHICLES"
"1000009182","IMG_20230930_203445.jpg","QQ","content://media/external/images/media/1000009182","ARCHITECTURE"
"1000009183","IMG_20230930_203422.jpg","QQ","content://media/external/images/media/1000009183","ARCHITECTURE"
"1000009184","IMG_20230918_154157_1(1).jpg","QQ","content://media/external/images/media/1000009184","ARCHITECTURE"
"1000009185","IMG_20230918_154157.jpg","QQ","content://media/external/images/media/1000009185","ARCHITECTURE"
"1000009186","IMG_20230918_154131.jpg","QQ","content://media/external/images/media/1000009186","NATURE"
"1000009187","IMG_20230827_103632.jpg","QQ","content://media/external/images/media/1000009187","NATURE"
"1000009188","IMG_20230801_184548(2).jpg","QQ","content://media/external/images/media/1000009188","NATURE"
"1000009189","IMG_20230827_103049(1).jpg","QQ","content://media/external/images/media/1000009189","NATURE"
"1000009190","IMG_20230801_184532(2).jpg","QQ","content://media/external/images/media/1000009190","NATURE"
"1000009191","IMG_20230801_155653(2).jpg","QQ","content://media/external/images/media/1000009191","PLANTS"
"1000009192","IMG_20230801_150331(1).jpg","QQ","content://media/external/images/media/1000009192","NATURE"
"1000009193","IMG_20230731_102513(2).jpg","QQ","content://media/external/images/media/1000009193","PLANTS"
"1000009194","IMG_20230731_101517(2).jpg","QQ","content://media/external/images/media/1000009194","NATURE"
"1000009195","IMG_20230731_100522(2).jpg","QQ","content://media/external/images/media/1000009195","ARCHITECTURE"
"1000009196","IMG_20230731_095641(2).jpg","QQ","content://media/external/images/media/1000009196","ARCHITECTURE"
"1000009197","IMG_20230730_202904(2).jpg","QQ","content://media/external/images/media/1000009197","ARCHITECTURE"
"1000009198","IMG_20230730_170246.jpg","QQ","content://media/external/images/media/1000009198","ARCHITECTURE"
"1000009199","IMG_20230730_164744.jpg","QQ","content://media/external/images/media/1000009199","ARCHITECTURE"
"1000009200","IMG_20230729_192621.jpg","QQ","content://media/external/images/media/1000009200","ARCHITECTURE"
"1000009201","IMG_20230729_111531.jpg","QQ","content://media/external/images/media/1000009201","ARCHITECTURE"
"1000009202","IMG_20230729_102813(1).jpg","QQ","content://media/external/images/media/1000009202","PLANTS"
"1000009203","IMG_20230729_103443(2).jpg","QQ","content://media/external/images/media/1000009203","PLANTS"
"1000009204","IMG_20230729_102219(2).jpg","QQ","content://media/external/images/media/1000009204","NATURE"
"1000009205","IMG_20230729_102255(1).jpg","QQ","content://media/external/images/media/1000009205","PLANTS"
"1000009206","1688008679455.jpeg","QQ","content://media/external/images/media/1000009206","ARCHITECTURE"
"1000009207","IMG_20230729_102010(2).jpg","QQ","content://media/external/images/media/1000009207","NATURE"
"1000009208","IMG_20230629_103923.jpg","QQ","content://media/external/images/media/1000009208","ARCHITECTURE"
"1000009209","IMG_20230629_103857.jpg","QQ","content://media/external/images/media/1000009209","ARCHITECTURE"
"1000009210","1687852916409.jpg","QQ","content://media/external/images/media/1000009210","ARCHITECTURE"
"1000009211","IMG_20230629_102159.jpg","QQ","content://media/external/images/media/1000009211","ARCHITECTURE"
"1000009212","1687852897590.jpg","QQ","content://media/external/images/media/1000009212","ARCHITECTURE"
"1000009213","mmexport1656759302735.jpg","QQ","content://media/external/images/media/1000009213","ARCHITECTURE"
"1000009214","IMG_20221022_152406.jpg","QQ","content://media/external/images/media/1000009214","ARCHITECTURE"
"1000009215","null7048c4dcf7309687.jpg","QQ","content://media/external/images/media/1000009215","DRAWING"
"1000009216","IMG_20221022_152357.jpg","QQ","content://media/external/images/media/1000009216","ARCHITECTURE"
"1000009217","1661933158913.jpeg","QQ","content://media/external/images/media/1000009217","DRAWING"
"1000009218","0345ea36470fd1a459cd54cbda3b1864dafba14bc64f5285.webp","QQ","content://media/external/images/media/1000009218","PETS"
"1000009219","Image_1759935942829.jpg","QQ","content://media/external/images/media/1000009219","UNKNOWN"
"1000009220","ec8f8acf790dcf7140f8439691de3ec12d72c1a6d8118a71.webp","QQ","content://media/external/images/media/1000009220","DRAWING"
"1000009221","20260125_130520.jpg","QQ","content://media/external/images/media/1000009221","PETS"
"1000009222","fda2bc007dd85b50a9dcb49ea9aa710816721ef800e1f63b.webp","QQ","content://media/external/images/media/1000009222","UNKNOWN"
"1000009223","1750953428797.jpeg","QQ","content://media/external/images/media/1000009223","PETS"
"1000009224","3df3aad7a8432dd8bab684b8b06c68bb399adbdf8bad9f1bb.gif","QQ","content://media/external/images/media/1000009224","UNKNOWN"
"1000009225","6f77e5f1ece715a432ebc87277891dcf4e804ff33e38d1b28.jpg","QQ","content://media/external/images/media/1000009225","PETS"
"1000009226","D7D5A0A4C75E7229F28F8C986B9C0665.jpg","QQ","content://media/external/images/media/1000009226","UNKNOWN"
"1000009227","IMG_20251019_201408(1).jpg","QQ","content://media/external/images/media/1000009227","ELECTRONICS"
"1000009228","IMG_20251120_130949(1).jpg","QQ","content://media/external/images/media/1000009228","ELECTRONICS"
"1000009229","IMG_20250422_134405.jpg","QQ","content://media/external/images/media/1000009229","ELECTRONICS"
"1000009230","7B7D5BCE003E46E3D39AB59EA2A01BCE.jpg","QQ","content://media/external/images/media/1000009230","DRAWING"
"1000009231","1716521432736.jpg","QQ","content://media/external/images/media/1000009231","VEHICLES"
"1000009232","512d56b0c92719dc.jpg","QQ","content://media/external/images/media/1000009232","VEHICLES"
"1000009429","mmexport1684035139895.jpg","QQ","content://media/external/images/media/1000009429","PLANTS"
"1000009430","mmexport1703734957282.jpg","QQ","content://media/external/images/media/1000009430","UNKNOWN"
"1000009431","77D5CA0EF43FC21DF8E28F51DC60D515.jpg","QQ","content://media/external/images/media/1000009431","PLANTS"
"1000009432","30EC6C710FF604D7C6125105BD8CF5FE.jpg","QQ","content://media/external/images/media/1000009432","DRAWING"
"1000009433","6E82EF071D4BB8A8537C6D887002B2BD.jpg","QQ","content://media/external/images/media/1000009433","DRAWING"
"1000009434","787420ea49bb4537.png","QQ","content://media/external/images/media/1000009434","DRAWING"
"1000009435","1657445569103.png","QQ","content://media/external/images/media/1000009435","DRAWING"
"1000009436","A9E9491ACE0CCAF67609B90D878E3561.jpg","QQ","content://media/external/images/media/1000009436","DRAWING"
"1000009437","Image_1764564683059.jpg","QQ","content://media/external/images/media/1000009437","VEHICLES"
"1000009438","5998e4b6-216f-41a4-995c-d1484a80499f.jpg","QQ","content://media/external/images/media/1000009438","VEHICLES"
"1000009439","20251220_002940.jpg","QQ","content://media/external/images/media/1000009439","VEHICLES"
"1000009440","497c0fe14ec1e990ca9c04d2399f52635aa75311b5ed4a1e0.JPG","QQ","content://media/external/images/media/1000009440","VEHICLES"
"1000009441","aa108cbf0deb9510ddd2954908552169ed057b79a7ca842a4.jpg","QQ","content://media/external/images/media/1000009441","VEHICLES"
"1000009442","IMG_20250915_183827(2).jpg","QQ","content://media/external/images/media/1000009442","ARCHITECTURE"
"1000009443","4f317ffbb1410685fcf5bec2dfcffea14dac837241a4127dd.jpg","QQ","content://media/external/images/media/1000009443","VEHICLES"
"1000009444","20250526_114630.jpg","QQ","content://media/external/images/media/1000009444","UNKNOWN"
"1000009445","f38b8201d752e17b37f0504f41f2328261b61943c52c5bdde.jpg","QQ","content://media/external/images/media/1000009445","UNKNOWN"
"1000009446","2e2be84629851105b65b285f2bae357e1ba801b7d89dfd8d1.jpg","QQ","content://media/external/images/media/1000009446","UNKNOWN"
"1000009447","B192695D171F82CBE513B46BBB0F424D.jpg","QQ","content://media/external/images/media/1000009447","UNKNOWN"
"1000009448","Image_1695284963197.jpg","QQ","content://media/external/images/media/1000009448","ARCHITECTURE"
"1000009449","IMG_20220829_104116(1).jpg","QQ","content://media/external/images/media/1000009449","ARCHITECTURE"
"1000009450","9c9eaeef605a8fc95d86e6dbdf24546e8db5c7d1d01faae6.webp","QQ","content://media/external/images/media/1000009450","FOOD"
"1000009451","5111d279f7a37fa7f2a5a7dee57fe922553e476be615e2021.gif","QQ","content://media/external/images/media/1000009451","UNKNOWN"
"1000009452","IMG_20250802_172601(1).jpg","QQ","content://media/external/images/media/1000009452","ELECTRONICS"
"1000009453","IMG_20250106_180602(1).jpg","QQ","content://media/external/images/media/1000009453","ELECTRONICS"
"1000009454","IMG_20231102_150337.jpg","QQ","content://media/external/images/media/1000009454","UNKNOWN"
"1000009455","IMG_20230912_143537.jpg","QQ","content://media/external/images/media/1000009455","UNKNOWN"
"1000009456","IMG_20230531_152745.jpg","QQ","content://media/external/images/media/1000009456","ELECTRONICS"
"1000009457","3740cc04f94e9e79.jpg","QQ","content://media/external/images/media/1000009457","UNKNOWN"
"1000009458","IMG_20230531_153928(1).jpg","QQ","content://media/external/images/media/1000009458","ELECTRONICS"
"1000009459","IMG_20230517_152237(1).jpg","QQ","content://media/external/images/media/1000009459","ELECTRONICS"
"1000009460","IMG_20230124_160241.jpg","QQ","content://media/external/images/media/1000009460","ELECTRONICS"
"1000009461","img-1669258690422351f9f0760da7c88f9296a558059485a.jpg","QQ","content://media/external/images/media/1000009461","UNKNOWN"
"1000009462","20251214_224501.jpg","QQ","content://media/external/images/media/1000009462","UNKNOWN"
"1000009463","20251006_125732.jpg","QQ","content://media/external/images/media/1000009463","TEXT"
"1000009464","IMG_20250915_091412.jpg","QQ","content://media/external/images/media/1000009464","ARCHITECTURE"
"1000009465","IMG_20250915_091410.jpg","QQ","content://media/external/images/media/1000009465","ARCHITECTURE"
"1000009466","0346B1CBD4C8C34397A9F2BE0C8C7CB7.jpg","QQ","content://media/external/images/media/1000009466","ARCHITECTURE"
"1000009467","IMG_20250915_091407.jpg","QQ","content://media/external/images/media/1000009467","ARCHITECTURE"
"1000009468","IMG_20240712_091633.jpg","QQ","content://media/external/images/media/1000009468","ARCHITECTURE"
"1000009469","IMG_20231213_174422(1).jpg","QQ","content://media/external/images/media/1000009469","ARCHITECTURE"
"1000009470","IMG_20231010_104332.jpg","QQ","content://media/external/images/media/1000009470","ARCHITECTURE"
"1000009471","IMG_20230730_194037.jpg","QQ","content://media/external/images/media/1000009471","ARCHITECTURE"
"1000009472","IMG_20230730_170246(1).jpg","QQ","content://media/external/images/media/1000009472","ARCHITECTURE"
"1000009473","IMG_20230730_161832(1).jpg","QQ","content://media/external/images/media/1000009473","UNKNOWN"
"1000009474","IMG_20230730_165001.jpg","QQ","content://media/external/images/media/1000009474","ARCHITECTURE"
"1000009475","1688008689311.jpeg","QQ","content://media/external/images/media/1000009475","ARCHITECTURE"
"1000009476","IMG_20230701_150149.jpg","QQ","content://media/external/images/media/1000009476","ARCHITECTURE"
"1000009477","IMG_20230701_150224.jpg","QQ","content://media/external/images/media/1000009477","UNKNOWN"
"1000009478","IMG_20230629_103923(1).jpg","QQ","content://media/external/images/media/1000009478","ARCHITECTURE"
"1000009479","IMG_20230629_103857(1).jpg","QQ","content://media/external/images/media/1000009479","ARCHITECTURE"
"1000009480","IMG_20230629_102508.jpg","QQ","content://media/external/images/media/1000009480","ARCHITECTURE"
"1000009481","1687852925448.jpg","QQ","content://media/external/images/media/1000009481","ARCHITECTURE"
"1000009482","IMG_20230629_102325(1).jpg","QQ","content://media/external/images/media/1000009482","ARCHITECTURE"
"1000009483","IMG_20230629_102128.jpg","QQ","content://media/external/images/media/1000009483","ARCHITECTURE"
"1000009484","1687852922665.jpg","QQ","content://media/external/images/media/1000009484","ARCHITECTURE"
"1000009485","1687852912912.jpg","QQ","content://media/external/images/media/1000009485","ARCHITECTURE"
"1000009486","1687852909779.jpg","QQ","content://media/external/images/media/1000009486","ARCHITECTURE"
"1000009487","1687852900753.jpg","QQ","content://media/external/images/media/1000009487","ARCHITECTURE"
"1000009488","1673695499712.jpeg","QQ","content://media/external/images/media/1000009488","ARCHITECTURE"
"1000009489","IMG_20221214_142927.jpg","QQ","content://media/external/images/media/1000009489","ARCHITECTURE"
"1000009490","IMG_20221016_152749.jpg","QQ","content://media/external/images/media/1000009490","ARCHITECTURE"
"1000009491","IMG_20221016_152725.jpg","QQ","content://media/external/images/media/1000009491","ARCHITECTURE"
"1000009492","IMG_20221016_151721.jpg","QQ","content://media/external/images/media/1000009492","ARCHITECTURE"
"1000009493","1664263191901.jpeg","QQ","content://media/external/images/media/1000009493","ARCHITECTURE"
"1000009494","44afd63c6eeb4485.jpg","QQ","content://media/external/images/media/1000009494","ARCHITECTURE"
"1000009495","IMG_20221004_170935(1).jpg","QQ","content://media/external/images/media/1000009495","ARCHITECTURE"
"1000009496","IMG_20220927_133547.jpg","QQ","content://media/external/images/media/1000009496","ARCHITECTURE"
"1000009497","IMG_20220925_172643.jpg","QQ","content://media/external/images/media/1000009497","ARCHITECTURE"
"1000009498","IMG_20220905_145457(1).jpg","QQ","content://media/external/images/media/1000009498","ARCHITECTURE"
"1000009499","IMG_20220916_103447.jpg","QQ","content://media/external/images/media/1000009499","ARCHITECTURE"
"1000009500","IMG_20220829_104036.jpg","QQ","content://media/external/images/media/1000009500","ARCHITECTURE"
"1000009501","IMG_20220823_155634(1).jpg","QQ","content://media/external/images/media/1000009501","ARCHITECTURE"
"1000009502","IMG_20220829_104116(2).jpg","QQ","content://media/external/images/media/1000009502","ARCHITECTURE"
"1000009503","20260114_131059.jpg","QQ","content://media/external/images/media/1000009503","UNKNOWN"
"1000009504","1e4585fb45e26e0fb2bdaca8ee7bac2964314ff9f776ec5c9.JPG","QQ","content://media/external/images/media/1000009504","UNKNOWN"
"1000009505","9FE20B66B491B96D68CF032D67101B92.jpg","QQ","content://media/external/images/media/1000009505","UNKNOWN"
"1000009506","Image_1715226679410.jpg","QQ","content://media/external/images/media/1000009506","ARCHITECTURE"
"1000009507","5eb93bd5d2eefef31f8cd4f38fe61a20eada17bda3cebc7e0.jpg","QQ","content://media/external/images/media/1000009507","UNKNOWN"
"1000009508","Image_1695281596937.jpg","QQ","content://media/external/images/media/1000009508","UNKNOWN"
"1000009509","IMG_20231011_173529.jpg","QQ","content://media/external/images/media/1000009509","UNKNOWN"
"1000009510","IMG_20231011_173705.jpg","QQ","content://media/external/images/media/1000009510","UNKNOWN"
"1000009511","IMG_20230801_155653(3).jpg","QQ","content://media/external/images/media/1000009511","PLANTS"
"1000009512","IMG_20230731_115727(1).jpg","QQ","content://media/external/images/media/1000009512","NATURE"
"1000009513","IMG_20230731_102513(3).jpg","QQ","content://media/external/images/media/1000009513","PLANTS"
"1000009514","IMG_20230731_102717(1).jpg","QQ","content://media/external/images/media/1000009514","PLANTS"
"1000009515","Cache_32a85299add736f1.jpg","QQ","content://media/external/images/media/1000009515","UNKNOWN"
"1000009516","IMG_20230729_104327.jpg","QQ","content://media/external/images/media/1000009516","NATURE"
"1000009517","IMG_20230729_103443(3).jpg","QQ","content://media/external/images/media/1000009517","NATURE"
"1000009518","IMG_20230729_103020(1).jpg","QQ","content://media/external/images/media/1000009518","NATURE"
"1000009519","IMG_20230729_102813(2).jpg","QQ","content://media/external/images/media/1000009519","NATURE"
"1000009520","IMG_20230729_102219(3).jpg","QQ","content://media/external/images/media/1000009520","NATURE"
"1000009521","IMG_20230729_102255(2).jpg","QQ","content://media/external/images/media/1000009521","NATURE"
"1000009522","IMG_20230729_102010(3).jpg","QQ","content://media/external/images/media/1000009522","NATURE"
"1000009523","IMG_20230701_144838.jpg","QQ","content://media/external/images/media/1000009523","NATURE"
"1000009524","1688008677908.jpeg","QQ","content://media/external/images/media/1000009524","ARCHITECTURE"
"1000009525","IMG_20230629_102508(1).jpg","QQ","content://media/external/images/media/1000009525","ARCHITECTURE"
"1000009526","IMG_20230629_102128(1).jpg","QQ","content://media/external/images/media/1000009526","ARCHITECTURE"
"1000009527","-e46addcc76afcdc.jpg","QQ","content://media/external/images/media/1000009527","DRAWING"
"1000009528","IMG_20221208_164809.jpg","QQ","content://media/external/images/media/1000009528","ARCHITECTURE"
"1000009529","IMG_20230629_102159(1).jpg","QQ","content://media/external/images/media/1000009529","ARCHITECTURE"
"1000009530","IMG_20230629_102039.jpg","QQ","content://media/external/images/media/1000009530","ARCHITECTURE"
"1000009531","-7f2fcd2275c861bd.jpg","QQ","content://media/external/images/media/1000009531","ARCHITECTURE"
"1000009532","IMG_20221204_164051.jpg","QQ","content://media/external/images/media/1000009532","ARCHITECTURE"
"1000009533","IMG_20221204_145610.jpg","QQ","content://media/external/images/media/1000009533","ARCHITECTURE"
"1000009534","IMG_20221204_145528.jpg","QQ","content://media/external/images/media/1000009534","ARCHITECTURE"
"1000009535","IMG_20221022_152513.jpg","QQ","content://media/external/images/media/1000009535","ARCHITECTURE"
"1000009536","20260128_172802.jpg","QQ","content://media/external/images/media/1000009536","UNKNOWN"
"1000009537","20260104_191718.jpg","QQ","content://media/external/images/media/1000009537","UNKNOWN"
"1000009538","f1a567b8104801343146d70b670f4fad44ac260208ddb613a.jpg","QQ","content://media/external/images/media/1000009538","FOOD"
"1000009539","1766209319965.jpeg","QQ","content://media/external/images/media/1000009539","FOOD"
"1000009540","1ae88fd1c8f9ef3a48dc85b5f453b546c41adaa2b5f5ee31.webp","QQ","content://media/external/images/media/1000009540","FOOD"
"1000009541","674f5ee9143a8b6592bc09bfa00e405dc78683117c76a82a9.jpg","QQ","content://media/external/images/media/1000009541","FOOD"
"1000009542","20251203_132252.jpg","QQ","content://media/external/images/media/1000009542","DRAWING"
"1000009543","wx_camera_1743909881921.jpg","QQ","content://media/external/images/media/1000009543","FOOD"
"1000009544","IMG_20250413_111551.jpg","QQ","content://media/external/images/media/1000009544","FOOD"
"1000009545","A463D12F874621B71D4ABBFEC9E49D82.jpg","QQ","content://media/external/images/media/1000009545","FOOD"
"1000009546","IMG_20250406_171052(1).jpg","QQ","content://media/external/images/media/1000009546","FOOD"
"1000009547","wx_camera_1702869827670.jpg","QQ","content://media/external/images/media/1000009547","FOOD"
"1000009548","IMG_20241012_111050(1).jpg","QQ","content://media/external/images/media/1000009548","FOOD"
"1000009549","EA727146703D8FB1630211EA3B57174A.jpg","QQ","content://media/external/images/media/1000009549","FOOD"
"1000009550","Cache_439ae4562fd86d2b.jpg","QQ","content://media/external/images/media/1000009550","FOOD"
"1000009551","IMG_20231126_184649(1).jpg","QQ","content://media/external/images/media/1000009551","FOOD"
"1000009552","IMG_20231126_184641.jpg","QQ","content://media/external/images/media/1000009552","FOOD"
"1000009553","Cache_-1723f444762092f7.jpg","QQ","content://media/external/images/media/1000009553","FOOD"
"1000009554","Cache_49f6354a67b8e46d.jpg","QQ","content://media/external/images/media/1000009554","FOOD"
"1000009555","IMG_20231003_091725.jpg","QQ","content://media/external/images/media/1000009555","FOOD"
"1000009556","Cache_-27dac79f11513110.jpg","QQ","content://media/external/images/media/1000009556","FOOD"
"1000009557","mmexport1688026837048.jpg","QQ","content://media/external/images/media/1000009557","FOOD"
"1000009558","mmexport1688026835153.jpg","QQ","content://media/external/images/media/1000009558","FOOD"
"1000009559","IMG_20221004_172649(1).jpg","QQ","content://media/external/images/media/1000009559","FOOD"
"1000009560","wx_camera_1662867062705.jpg","QQ","content://media/external/images/media/1000009560","FOOD"
"1000009561","IMG_20220808_125357(1).jpg","QQ","content://media/external/images/media/1000009561","FOOD"
"1000009562","IMG_20220808_125341.jpg","QQ","content://media/external/images/media/1000009562","FOOD"
"1000009563","【すかすか】待ち受け風妖精兵5人セット_78910596_p4.jpg","QQ","content://media/external/images/media/1000009563","DRAWING"
"1000009564","【すかすか】待ち受け風妖精兵5人セット_78910596_p6.jpg","QQ","content://media/external/images/media/1000009564","DRAWING"
"1000009565","【すかすか】待ち受け風妖精兵5人セット_78910596_p3.jpg","QQ","content://media/external/images/media/1000009565","DRAWING"
"1000009566","【すかすか】待ち受け風妖精兵5人セット_78910596_p2.jpg","QQ","content://media/external/images/media/1000009566","DRAWING"
"1000009567","ad87a12dfe265e6fa8c153576f51dcb11b35588281cd2b99.webp","QQ","content://media/external/images/media/1000009567","DRAWING"
"1000009568","クトリ_75497752.jpg","QQ","content://media/external/images/media/1000009568","DRAWING"
"1000009569","ed2b11194d874c1bf04f53d4898a90c9b2a49bb6e20938c9.webp","QQ","content://media/external/images/media/1000009569","DRAWING"
"1000009570","89b5777053e1c5a471d9e4a70f21321ab513c32f2f30f24f.webp","QQ","content://media/external/images/media/1000009570","DRAWING"
"1000009571","20251013_172939.jpg","QQ","content://media/external/images/media/1000009571","DRAWING"
"1000009572","20251124_143225.jpg","QQ","content://media/external/images/media/1000009572","DRAWING"
"1000009573","A121BDFB4485B903772DC60E72A10619.jpg","QQ","content://media/external/images/media/1000009573","DRAWING"
"1000009574","d1e6740f86738d6c3ceb3f67684cacf4a896d178e3ffb8bf.webp","QQ","content://media/external/images/media/1000009574","DRAWING"
"1000009575","Image_1760343529463.jpg","QQ","content://media/external/images/media/1000009575","DRAWING"
"1000009576","435387ca9e721b1a12f5644b6cc7b87b542ffa3b796eef1e7.jpg","QQ","content://media/external/images/media/1000009576","DRAWING"
"1000009577","Image_1752368054848.png","QQ","content://media/external/images/media/1000009577","DRAWING"
"1000009578","Image_1752374329509.jpg","QQ","content://media/external/images/media/1000009578","DRAWING"
"1000009579","Image_1752374312629.jpg","QQ","content://media/external/images/media/1000009579","DRAWING"
"1000009580","6395f08032e6f91b0a68c4c1c433fd73b0e932ea025ade2d3.jpg","QQ","content://media/external/images/media/1000009580","DRAWING"
"1000009581","Image_1752370796660.jpg","QQ","content://media/external/images/media/1000009581","DRAWING"
"1000009582","-15596493081743728627889.jpg","QQ","content://media/external/images/media/1000009582","DRAWING"
"1000009583","Image_1752370777187.jpg","QQ","content://media/external/images/media/1000009583","DRAWING"
"1000009584","ca892a07496f8fb65bb7d8c479fa5f24234d2d17b3b98f518.gif","QQ","content://media/external/images/media/1000009584","UNKNOWN"
"1000009585","-17221235281743728624933.jpg","QQ","content://media/external/images/media/1000009585","DRAWING"
"1000009586","2fa6c47e3e2460308bd73cdee85d3254b318cd5c4306feb86.jpg","QQ","content://media/external/images/media/1000009586","DRAWING"
"1000009587","Image_162762171536547.jpg","QQ","content://media/external/images/media/1000009587","DRAWING"
"1000009588","b01ddf9673a81c6ad6680e990584d4b160bfd9ab035c6335e.jpg","QQ","content://media/external/images/media/1000009588","DRAWING"
"1000009589","1730198766902.jpg","QQ","content://media/external/images/media/1000009589","DRAWING"
"1000009590","69e05dcd628ffbeb164a4daf3817d2648f6111ba8207f3e7a.JPG","QQ","content://media/external/images/media/1000009590","DRAWING"
"1000009591","e07d5336cbd65bd12b0faa2314e9c7ead61b11fde58b0e9f6.jpg","QQ","content://media/external/images/media/1000009591","DRAWING"
"1000009592","bb924961caf04681a056e684ac3a62e70a3c8411ec4640b5f.jpg","QQ","content://media/external/images/media/1000009592","DRAWING"
"1000009593","1730261377364.jpg","QQ","content://media/external/images/media/1000009593","DRAWING"
"1000009594","Ene!! ( • ̀ω•́ )✧_44385681.jpg","QQ","content://media/external/images/media/1000009594","DRAWING"
"1000009595","メカクシ団_90796968.png","QQ","content://media/external/images/media/1000009595","DRAWING"
"1000009596","メカクシ団_68646726.png","QQ","content://media/external/images/media/1000009596","DRAWING"
"1000009597","8.15_58512076.jpg","QQ","content://media/external/images/media/1000009597","DRAWING"
"1000009598","言いたくなかったな_73161169.jpg","QQ","content://media/external/images/media/1000009598","DRAWING"
"1000009599","1_1440 Music 満悦トーカー_ろーある_107143525.jpg","QQ","content://media/external/images/media/1000009599","DRAWING"
"1000009600","夜空を知る_105000498.png","QQ","content://media/external/images/media/1000009600","DRAWING"
"1000009601","1729310132709.jpg","QQ","content://media/external/images/media/1000009601","DRAWING"
"1000009602","Image_1728454744163.jpg","QQ","content://media/external/images/media/1000009602","DRAWING"
"1000009603","Image_1728454739066.jpg","QQ","content://media/external/images/media/1000009603","DRAWING"
"1000009604","Image_1728454741697.jpg","QQ","content://media/external/images/media/1000009604","DRAWING"
"1000009605","Image_1728445372969.jpg","QQ","content://media/external/images/media/1000009605","DRAWING"
"1000009606","7c50a93ed2223fe1c82b7dee9d5dc0bd78d238a95b7f0a0ed.jpg","QQ","content://media/external/images/media/1000009606","DRAWING"
"1000009607","4c62a23ecf6f1398045de642ad4645b65451cdfd721d9a67d.jpg","QQ","content://media/external/images/media/1000009607","DRAWING"
"1000009608","1726971593376.png","QQ","content://media/external/images/media/1000009608","DRAWING"
"1000009609","17517edd7143555cbfefc16a22febc0b523501072_raw.jpg","QQ","content://media/external/images/media/1000009609","DRAWING"
"1000009610","Image_1714818299655.png","QQ","content://media/external/images/media/1000009610","DRAWING"
"1000009611","1716041202456.jpg","QQ","content://media/external/images/media/1000009611","DRAWING"
"1000009612","2610DFF7849D07804C3959C4EF360001.jpg","QQ","content://media/external/images/media/1000009612","DRAWING"
"1000009613","Image_1714818326231.png","QQ","content://media/external/images/media/1000009613","DRAWING"
"1000009614","Image_1714818310177.png","QQ","content://media/external/images/media/1000009614","DRAWING"
"1000009615","Image_1714818293395.png","QQ","content://media/external/images/media/1000009615","DRAWING"
"1000009616","Image_1714818296526.png","QQ","content://media/external/images/media/1000009616","DRAWING"
"1000009617","95C602F62C8D91D762D81F2F071DBE5E.jpg","QQ","content://media/external/images/media/1000009617","DRAWING"
"1000009618","Image_1713524319967.png","QQ","content://media/external/images/media/1000009618","DRAWING"
"1000009619","E3E2DCF2D425E66A8289FEE6C5E61A3F.jpg","QQ","content://media/external/images/media/1000009619","DRAWING"
"1000009620","57A8BE5A16018C89CC8A48E3D30CC959.jpg","QQ","content://media/external/images/media/1000009620","DRAWING"
"1000009621","AFEF05153ED46F9E9A9380AAC8CFB787.jpg","QQ","content://media/external/images/media/1000009621","DRAWING"
"1000009622","5122FBD9B04C5AAD16FE167F26940BBC.jpg","QQ","content://media/external/images/media/1000009622","DRAWING"
"1000009623","1AE50B98DB3C334C95A5BF8B259EC152.jpg","QQ","content://media/external/images/media/1000009623","DRAWING"
"1000009624","ココアシガレット_69893314.png","QQ","content://media/external/images/media/1000009624","DRAWING"
"1000009625","73333234FD0EC41FB9EB50E413939A1B.jpg","QQ","content://media/external/images/media/1000009625","DRAWING"
"1000009626","ちゃんエネ_82014414.png","QQ","content://media/external/images/media/1000009626","DRAWING"
"1000009627","78B19CEA81E2E22790CCBB40F47F77C5.jpg","QQ","content://media/external/images/media/1000009627","DRAWING"
"1000009628","Image_1711595049678.jpg","QQ","content://media/external/images/media/1000009628","DRAWING"
"1000009629","890861077D1A1B13B8EC9F7275798E6A.jpg","QQ","content://media/external/images/media/1000009629","DRAWING"
"1000009630","Image_1711595043124.jpg","QQ","content://media/external/images/media/1000009630","DRAWING"
"1000009631","266BFFE9B7E5E14150F9B9D86CFC567F.jpg","QQ","content://media/external/images/media/1000009631","DRAWING"
"1000009632","1706605088949.jpg","QQ","content://media/external/images/media/1000009632","DRAWING"
"1000009633","20240125_135304.jpg","QQ","content://media/external/images/media/1000009633","DRAWING"
"1000009634","Image_1706069235497.jpg","QQ","content://media/external/images/media/1000009634","DRAWING"
"1000009635","正月絵🐉_115027459.jpg","QQ","content://media/external/images/media/1000009635","DRAWING"
"1000009636","IMG_20240110_121530.jpg","QQ","content://media/external/images/media/1000009636","UNKNOWN"
"1000009637","ふーーーーーーん…_98735400.png","QQ","content://media/external/images/media/1000009637","DRAWING"
"1000009638","IMG_20240110_100542.jpg","QQ","content://media/external/images/media/1000009638","UNKNOWN"
"1000009639","Image_1704453489406.jpg","QQ","content://media/external/images/media/1000009639","DRAWING"
"1000009640","Image_1704283245384.jpg","QQ","content://media/external/images/media/1000009640","DRAWING"
"1000009641","70e90b139100c6cf7e73ae39c5a29a17a709b5fd9ccad18f.WEBP","QQ","content://media/external/images/media/1000009641","DRAWING"
"1000009642","5bf7dcdbc4b0ad3322b16d7835ce1f6b0a02fa40_raw.jpg","QQ","content://media/external/images/media/1000009642","DRAWING"
"1000009643","IMG_20251028_182507.jpg","QQ","content://media/external/images/media/1000009643","CARD"
"1000009644","IMG_20251028_182457(1).jpg","QQ","content://media/external/images/media/1000009644","CARD"
"1000009645","IMG_20250802_172547.jpg","QQ","content://media/external/images/media/1000009645","ELECTRONICS"
"1000009646","IMG_20250802_172543.jpg","QQ","content://media/external/images/media/1000009646","ELECTRONICS"
"1000009647","IMG_20250106_180602(2).jpg","QQ","content://media/external/images/media/1000009647","ELECTRONICS"
"1000009648","IMG_20240212_130821.jpg","QQ","content://media/external/images/media/1000009648","UNKNOWN"
"1000009649","IMG_20240107_123605.jpg","QQ","content://media/external/images/media/1000009649","ELECTRONICS"
"1000009650","IMG_20240107_102129.jpg","QQ","content://media/external/images/media/1000009650","ELECTRONICS"
"1000009651","IMG_20231215_115421.jpg","QQ","content://media/external/images/media/1000009651","DRAWING"
"1000009652","IMG_20231215_115218.jpg","QQ","content://media/external/images/media/1000009652","ELECTRONICS"
"1000009653","IMG_20231011_172417.jpg","QQ","content://media/external/images/media/1000009653","UNKNOWN"
"1000009654","IMG_20231030_002233(1).jpg","QQ","content://media/external/images/media/1000009654","CARD"
"1000009655","IMG_20231030_002220(1).jpg","QQ","content://media/external/images/media/1000009655","CARD"
"1000009656","IMG_20230802_181219.jpg","QQ","content://media/external/images/media/1000009656","FOOD"
"1000009657","IMG_20230731_143207.jpg","QQ","content://media/external/images/media/1000009657","ARCHITECTURE"
"1000009658","wx_camera_1663558247342.jpg","QQ","content://media/external/images/media/1000009658","CARD"
"1000009659","IMG_20250921_125001(1).jpg","QQ","content://media/external/images/media/1000009659","CARD"
"1000009660","mmexport1694147422637.jpg","QQ","content://media/external/images/media/1000009660","CARD"
"1000009661","-26f6a48c0fb89cff.jpg","QQ","content://media/external/images/media/1000009661","CARD"
"1000009662","IMG_20240313_094644(1).jpg","QQ","content://media/external/images/media/1000009662","CARD"
"1000009663","Image_1697706903774.jpg","QQ","content://media/external/images/media/1000009663","ARCHITECTURE"
"1000009664","62BE47E5B2981C4EC6705BFC7AF130BB.jpg","QQ","content://media/external/images/media/1000009664","DRAWING"
"1000009665","6240E32677FB8CA3F340E49E407261EE.jpg","QQ","content://media/external/images/media/1000009665","DRAWING"
"1000009666","IMG_20231019_114917.jpg","QQ","content://media/external/images/media/1000009666","UNKNOWN"
"1000009667","IMG_20231019_113759.jpg","QQ","content://media/external/images/media/1000009667","UNKNOWN"
"1000009668","9A0663C0A2003ABE77C5E862FCF9630F.jpg","QQ","content://media/external/images/media/1000009668","DRAWING"
"1000009669","080B90F9585F23B3DF6F694350B2926F.gif","QQ","content://media/external/images/media/1000009669","UNKNOWN"
"1000009670","6D63E7C3E4E6CF874D906681F1D35023.jpg","QQ","content://media/external/images/media/1000009670","SELFIE"
"1000009671","C2358180405DCB4B2A2A79C424E5862E.jpg","QQ","content://media/external/images/media/1000009671","TEXT"
"1000009672","DDBEB3512B9967A30E276500B0456A79.jpg","QQ","content://media/external/images/media/1000009672","TEXT"
"1000009673","B2B4DE00836406E0822359590EFEF8CA.jpg","QQ","content://media/external/images/media/1000009673","UNKNOWN"
"1000009674","IMG_20230331_135140.jpg","QQ","content://media/external/images/media/1000009674","ELECTRONICS"
"1000009675","1DCA81313DBC7E9A9F05EE79348557D3.jpg","QQ","content://media/external/images/media/1000009675","DRAWING"
"1000009676","IMG_20230331_112923.jpg","QQ","content://media/external/images/media/1000009676","UNKNOWN"
"1000009677","IMG_20230331_113503.jpg","QQ","content://media/external/images/media/1000009677","TEXT"
"1000009678","-72c6604c5f741942.jpg","QQ","content://media/external/images/media/1000009678","TEXT"
"1000009679","E863A1E0E0348123385A9B0077F3AD6C.jpg","QQ","content://media/external/images/media/1000009679","UNKNOWN"
"1000009680","CB9BF973BBDECEDDB4B7DCA277C5F8B7.jpg","QQ","content://media/external/images/media/1000009680","UNKNOWN"
"1000009681","A77711DB1614CBE9DF30A3FB9D6809F8.jpg","QQ","content://media/external/images/media/1000009681","UNKNOWN"
"1000009682","9C7350014C2160EBCA82413798FDD192.jpg","QQ","content://media/external/images/media/1000009682","UNKNOWN"
"1000009683","111B19B52175823C975D926576EEA84D.jpg","QQ","content://media/external/images/media/1000009683","TEXT"
"1000009684","F0183D0BE3EDF9BE43412708D63D4B90.jpg","QQ","content://media/external/images/media/1000009684","TEXT"
"1000009685","0BAACEE37C79F75131DA25DA6CDC01B2.jpg","QQ","content://media/external/images/media/1000009685","DRAWING"
"1000009686","CCF3509CE5933E5BDE52372692248308.jpg","QQ","content://media/external/images/media/1000009686","DRAWING"
"1000009687","7D28B38295D8D0638144D43F3015EEE2.jpg","QQ","content://media/external/images/media/1000009687","SELFIE"
"1000009688","46A6A4C61D807F3497B476BFDCB1EE3B.jpg","QQ","content://media/external/images/media/1000009688","UNKNOWN"
"1000009689","-6d0ea9fbcc85cb56.jpg","QQ","content://media/external/images/media/1000009689","TEXT"
"1000009690","1bcd8ea514ca885a27e9ff6bdb45fcd2aea62e9a7c39586ff.jpg","QQ","content://media/external/images/media/1000009690","DRAWING"
"1000009691","b0d3738decedc4c82f0dc1047adfdf11658dcafbd0b053fd8.jpg","QQ","content://media/external/images/media/1000009691","DRAWING"
"1000009692","453703df3f8e4ee7819691bad161d3adac4c707982e812ef8.jpg","QQ","content://media/external/images/media/1000009692","DRAWING"
"1000009693","777561AEE6C5150DC4E818605D76C9B6.jpg","QQ","content://media/external/images/media/1000009693","UNKNOWN"
"1000009694","-614c9f13560d462.jpg","QQ","content://media/external/images/media/1000009694","DRAWING"
"1000009695","-19ef8ddc9e900204.jpg","QQ","content://media/external/images/media/1000009695","DRAWING"
"1000009696","IMG_20230128_102433.jpg","QQ","content://media/external/images/media/1000009696","UNKNOWN"
"1000009697","6c5965008eb5daccba1ac5568ed0f5050b7bd4343d7ea4532.jpg","QQ","content://media/external/images/media/1000009697","UNKNOWN"
"1000009698","B2A1A72921E969EE6AD9B102CD3DD476.jpg","QQ","content://media/external/images/media/1000009698","DRAWING"
"1000009699","IMG_20230109_191234.jpg","QQ","content://media/external/images/media/1000009699","TEXT"
"1000009700","F56B577CA57D670CEB66D32A90000797.jpg","QQ","content://media/external/images/media/1000009700","DRAWING"
"1000009701","3A2F30074E3325EB2241193D74A76AF3.jpg","QQ","content://media/external/images/media/1000009701","DRAWING"
"1000009702","D1E30A8CD06294B1D33D55007A8C0DE5.jpg","QQ","content://media/external/images/media/1000009702","TEXT"
"1000009703","06C5C50D4105C49FA56E07DC04B572AF.jpg","QQ","content://media/external/images/media/1000009703","TEXT"
"1000009704","E8A4AA0E203EF85458A86E640CAE55C7.jpg","QQ","content://media/external/images/media/1000009704","TEXT"
"1000009705","EBB5AAACA9417825DE1F5739D8301E6F.jpg","QQ","content://media/external/images/media/1000009705","TEXT"
"1000009706","35C4E47C1FEB78A59309F2E2675BDC89.jpg","QQ","content://media/external/images/media/1000009706","TEXT"
"1000009707","8C6D33AABC3837D06F675D2FC2005C79.jpg","QQ","content://media/external/images/media/1000009707","TEXT"
"1000009708","F84370B481976366A7979D47823155DD.jpg","QQ","content://media/external/images/media/1000009708","TEXT"
"1000009709","888FA8B70DE6E3364A7CCBCEA2C9E908.jpg","QQ","content://media/external/images/media/1000009709","TEXT"
"1000009710","045D53648864A2D3B3A8FF881483A65E.jpg","QQ","content://media/external/images/media/1000009710","TEXT"
"1000009711","7A3607CE7D0F8ABB5C356AE638BFBD69.jpg","QQ","content://media/external/images/media/1000009711","TEXT"
"1000009712","931BF2EBE5CC5A7A3C51645DC58BF9C8.jpg","QQ","content://media/external/images/media/1000009712","TEXT"
"1000009715","FA4B19030B915944A4D57BCC5EE30441.jpg","QQ","content://media/external/images/media/1000009715","DRAWING"
"1000009716","20D51037705EDCB3C72F24BF6C819346.jpg","QQ","content://media/external/images/media/1000009716","DRAWING"
"1000009717","-56d801171acffabe.jpg","QQ","content://media/external/images/media/1000009717","FOOD"
"1000009718","IMG_20220805_120829.jpg","QQ","content://media/external/images/media/1000009718","ELECTRONICS"
"1000009719","2cf4f3f57b6995a1.jpg","QQ","content://media/external/images/media/1000009719","SELFIE"
"1000009720","E21493B19FECED5A9E2B6BB75744CF2B.jpg","QQ","content://media/external/images/media/1000009720","DRAWING"
"1000009721","-63f3309aec1b2fc6.jpg","QQ","content://media/external/images/media/1000009721","DRAWING"
"1000009722","IMG_20220730_131003.jpg","QQ","content://media/external/images/media/1000009722","SELFIE"
"1000009723","IMG_20220730_125655.jpg","QQ","content://media/external/images/media/1000009723","SELFIE"
"1000009724","-21c2b91288db10e0.jpg","QQ","content://media/external/images/media/1000009724","DRAWING"
"1000009725","61459E9975D835B08C918CD6CB218E99.jpg","QQ","content://media/external/images/media/1000009725","DRAWING"
"1000009726","IMG_20220727_153105.jpg","QQ","content://media/external/images/media/1000009726","UNKNOWN"
"1000009727","E4A48B4481150711117F6E22ACD91D65.jpg","QQ","content://media/external/images/media/1000009727","DRAWING"
"1000009728","-659368446e38618e.webp","QQ","content://media/external/images/media/1000009728","DRAWING"
"1000009729","D48ACBF756436D637CB0F36417B6476A.jpg","QQ","content://media/external/images/media/1000009729","SELFIE"
"1000009730","IMG_20220727_153040.jpg","QQ","content://media/external/images/media/1000009730","UNKNOWN"
"1000009731","D68C0A297826C26E0AC3A85DCB4B9EE1.jpg","QQ","content://media/external/images/media/1000009731","DRAWING"
"1000009732","-5fceeae7596eb91c.jpg","QQ","content://media/external/images/media/1000009732","DRAWING"
"1000009733","mmexport1657933924165.jpg","QQ","content://media/external/images/media/1000009733","TEXT"
"1000009734","玄鳥去_78001600.jpg","QQ","content://media/external/images/media/1000009734","DRAWING"
"1000009735","F73619DADFD03E933D965513E39EC4FD.jpg","QQ","content://media/external/images/media/1000009735","DRAWING"
"1000009736","-6ddcceb5f3657283.jpg","QQ","content://media/external/images/media/1000009736","ELECTRONICS"
"1000009737","34136CDEEFC1AF8F2A0A95E38C18202B.jpg","QQ","content://media/external/images/media/1000009737","DRAWING"
"1000009738","5A5919D9878212BC6BAD5AB291E96395.jpg","QQ","content://media/external/images/media/1000009738","DRAWING"
"1000009739","8C2CFEDA7FFC6289E7CA0C8A034EFA3B.jpg","QQ","content://media/external/images/media/1000009739","DRAWING"
"1000009740","7d43cf82a8f8af5.png","QQ","content://media/external/images/media/1000009740","UNKNOWN"
"1000009741","img-1656759895771c95be6a700c0ceded681e4d99e484290.jpg","QQ","content://media/external/images/media/1000009741","UNKNOWN"
"1000009742","-5ebd578795f0a766.jpg","QQ","content://media/external/images/media/1000009742","DRAWING"
"1000009743","AE12A37D4B279F87EC372AB3B345ABB8.jpg","QQ","content://media/external/images/media/1000009743","TEXT"
"1000009744","2F6D3D5752EE8365D5EA5C8986C9CECB.jpg","QQ","content://media/external/images/media/1000009744","UNKNOWN"
"1000009745","EADFEE1B9D725699E923A4C8544D3576.jpg","QQ","content://media/external/images/media/1000009745","UNKNOWN"
"1000009746","0B135CB15652E13D56533146AEECE4DD.jpg","QQ","content://media/external/images/media/1000009746","ARCHITECTURE"
"1000009747","7FC8CDCFAAB17B39DE67D8F1336E0FD4.jpg","QQ","content://media/external/images/media/1000009747","ELECTRONICS"
"1000009748","83B05BEBDBDEF6F35656572FC36F6E5C.jpg","QQ","content://media/external/images/media/1000009748","UNKNOWN"
"1000009749","C50D862BA13CCB73092326A2B606794F.jpg","QQ","content://media/external/images/media/1000009749","DRAWING"
"1000009750","1556668F23EBD3A6443E78A138EDE6FE.jpg","QQ","content://media/external/images/media/1000009750","TEXT"
"1000009751","80B4C3665B3F3F6A917CC8C8C15E8810.jpg","QQ","content://media/external/images/media/1000009751","UNKNOWN"
"1000009752","86F615E462E89AC6D54DC3A7A45740DC.jpg","QQ","content://media/external/images/media/1000009752","TEXT"
"1000009753","1974E2CCE1DC260BFA5E7851717294C1.jpg","QQ","content://media/external/images/media/1000009753","TEXT"
"1000009754","6D2412EB6046C5F070C4C29B60499A32.jpg","QQ","content://media/external/images/media/1000009754","DRAWING"
"1000009755","tb_image_share_1655634060183.jpg","QQ","content://media/external/images/media/1000009755","UNKNOWN"
"1000009756","tb_image_share_1655634065155.jpg","QQ","content://media/external/images/media/1000009756","UNKNOWN"
"1000009757","tb_image_share_1655634627205.jpg","QQ","content://media/external/images/media/1000009757","UNKNOWN"
"1000009758","B25C1476116150936B88354F85E0B6AC.jpg","QQ","content://media/external/images/media/1000009758","DRAWING"
"1000009759","1654834475743.jpeg","QQ","content://media/external/images/media/1000009759","DRAWING"
"1000009760","69E730ECACA5FADDF4BD423494B46D62.jpg","QQ","content://media/external/images/media/1000009760","UNKNOWN"
"1000009761","F5338D3051599BF17EB20377244FD7F2.jpg","QQ","content://media/external/images/media/1000009761","TEXT"
"1000009762","52C9E6B395BFC6BAB594A7861B21CF3F.jpg","QQ","content://media/external/images/media/1000009762","TEXT"
"1000009763","21F1E143BF05B89374A3FA0752909D15.jpg","QQ","content://media/external/images/media/1000009763","DRAWING"
"1000009764","A0AC60912770306366858F050134B8B0.jpg","QQ","content://media/external/images/media/1000009764","UNKNOWN"
"1000009765","展望_98001658.png","QQ","content://media/external/images/media/1000009765","DRAWING"
"1000009766","68D97CA71022C4371DA75ADA0C7C9B73.jpg","QQ","content://media/external/images/media/1000009766","UNKNOWN"
"1000009767","A0444B2A5475BE69D4C47F9432D3295E.jpg","QQ","content://media/external/images/media/1000009767","TEXT"
"1000009768","6B5B19E4DDF0428CA37DB724D68B4142.jpg","QQ","content://media/external/images/media/1000009768","DRAWING"
"1000009769","342E9A376D3DDC8A70EAC11C38642039.jpg","QQ","content://media/external/images/media/1000009769","DRAWING"
"1000009770","1E552C231A7F2676F677133A9337AC97.jpg","QQ","content://media/external/images/media/1000009770","TEXT"
"1000009771","wx_camera_1693800313051.jpg","QQ","content://media/external/images/media/1000009771","UNKNOWN"
"1000009772","921DB14E80DF6DEDDEFDA76C555A0F2C.jpg","QQ","content://media/external/images/media/1000009772","UNKNOWN"
"1000009773","D614B4431F1734E3E7148B4AC0C06845.jpg","QQ","content://media/external/images/media/1000009773","UNKNOWN"
"1000009774","EFE005E7833F1076E13A1EA9054DB25F.jpg","QQ","content://media/external/images/media/1000009774","UNKNOWN"
"1000009775","AA8DED7347634C17E0E37B44E56D3B5D.jpg","QQ","content://media/external/images/media/1000009775","TEXT"
"1000009776","Image_1701252108631.jpg","QQ","content://media/external/images/media/1000009776","DRAWING"
"1000009777","D23A7CC8D61F573D9565D44B2C8E2445.jpg","QQ","content://media/external/images/media/1000009777","DRAWING"
"1000009778","Image_1701415931652.jpg","QQ","content://media/external/images/media/1000009778","DRAWING"
"1000009779","CD16D96BD32C7FF7FA6B3036B3020088.jpg","QQ","content://media/external/images/media/1000009779","DRAWING"
"1000009780","57CEED27E288237B290AB5ABB41F7920.jpg","QQ","content://media/external/images/media/1000009780","TEXT"
"1000009781","BE22831DD9A1E45F276CCF0BC77817DB.jpg","QQ","content://media/external/images/media/1000009781","UNKNOWN"
"1000009782","mmexport1701751209609.jpg","QQ","content://media/external/images/media/1000009782","UNKNOWN"
"1000009783","f32161e2c55d73c4b13b20777ff99c9be5e9ba763e117ae06.gif","QQ","content://media/external/images/media/1000009783","UNKNOWN"
"1000009784","2b0d2a6b157f22c6196f5682d32da67e61f67393fcd032fe8.gif","QQ","content://media/external/images/media/1000009784","UNKNOWN"
"1000009785","012B878577B9EACFE0EB0011D27675A2.jpg","QQ","content://media/external/images/media/1000009785","DRAWING"
"1000009786","422a5706e8deec2d3e4d9096d4106615d6e390524b7fc39d8.gif","QQ","content://media/external/images/media/1000009786","UNKNOWN"
"1000009787","D0E7A7BAB92D5774BD615DB54899AF0C.jpg","QQ","content://media/external/images/media/1000009787","UNKNOWN"
"1000009788","Image_1702355954435.jpg","QQ","content://media/external/images/media/1000009788","DRAWING"
"1000009789","758144C5CDCD25040B1546F7B434B37A.jpg","QQ","content://media/external/images/media/1000009789","DRAWING"
"1000009790","1A3D2A9A3DE15A617FFFD2151574B71B.jpg","QQ","content://media/external/images/media/1000009790","DRAWING"
"1000009791","BC9365C5344A76E6848922D18EC5E641.jpg","QQ","content://media/external/images/media/1000009791","UNKNOWN"
"1000009792","B9A6E9D2FF2BB5BA200EDBA03BDE8A28.jpg","QQ","content://media/external/images/media/1000009792","UNKNOWN"
"1000009793","866EE7F8748EFEC7269CC790633AF40A.jpg","QQ","content://media/external/images/media/1000009793","DRAWING"
"1000009794","282FA8D40E44B44D335934DDBD9955E1.jpg","QQ","content://media/external/images/media/1000009794","DRAWING"
"1000009795","v2-81a29cc6bad240f6e86c6d95226526e3_r.jpg","QQ","content://media/external/images/media/1000009795","DRAWING"
"1000009796","Image_1702783928252.jpg","QQ","content://media/external/images/media/1000009796","DRAWING"
"1000009797","77C78A209A58547CBE7AB90E3410872F.jpg","QQ","content://media/external/images/media/1000009797","DRAWING"
"1000009798","C1C6A1369EC1236C0C74E455173867E8.jpg","QQ","content://media/external/images/media/1000009798","UNKNOWN"
"1000009799","154857553102020287DD91267020BA32.jpg","QQ","content://media/external/images/media/1000009799","UNKNOWN"
"1000009800","536d3efee7fbb6dc75d315a59c5a028b0a2ecdaac303882b6.jpg","QQ","content://media/external/images/media/1000009800","UNKNOWN"
"1000009801","1737171062582.png","QQ","content://media/external/images/media/1000009801","SELFIE"
"1000009802","F567A086761D416636CCBC0DBBA719B7.jpg","QQ","content://media/external/images/media/1000009802","UNKNOWN"
"1000009803","0d02b36d8c5285b7d784299661711df46ab9ecfa800c3d92c.jpg","QQ","content://media/external/images/media/1000009803","PETS"
"1000009804","b34f690f0e45501065697b545f6bea0e99f68e275329e6af.webp","QQ","content://media/external/images/media/1000009804","PETS"
"1000009805","20FF796745CE4DFF9362D1DA641646A3.jpg","QQ","content://media/external/images/media/1000009805","PETS"
"1000009806","B3ED4A57FAEC7822A649177242A10C48.jpg","QQ","content://media/external/images/media/1000009806","DRAWING"
"1000009807","244D5919558371E532F6B41EF27B729A.jpg","QQ","content://media/external/images/media/1000009807","DRAWING"
"1000009808","BFCC7949F484E74C9FA23925F064511D.jpg","QQ","content://media/external/images/media/1000009808","DRAWING"
"1000009819","Screenshot_20220917-094116_Arcaea.jpg","Screenshots","content://media/external/images/media/1000009819","DRAWING"
"1000009820","Screenshot_20220921-140412_Arcaea.jpg","Screenshots","content://media/external/images/media/1000009820","DRAWING"
